Example(263648) | (248440)	Count	Abundance
1501T(N501Y) 1709A(A570D)	163714	0.658968
Reference	53214	0.2141926
1450A(E484K)	30226	0.1216632
1501T(N501Y)	1286	0.0051763
